{
  "bins": [
    "Q1",
    "Q2",
    "Q3",
    "Q4",
    "Q5",
    "Q6",
    "Q7",
    "Q8",
    "Q9",
    "Q10",
    "Q11",
    "Q12",
    "Q13",
    "Q14",
    "Q15",
    "Q16",
    "Q17",
    "Q18",
    "Q19",
    "Q20"
  ],
  "bin_counts": [
    40708,
    39784,
    39881,
    39774,
    39882,
    40014,
    40026,
    39724,
    39981,
    39573,
    40309,
    39776,
    39929,
    39865,
    39726,
    40126,
    39979,
    39720,
    39945,
    39259
  ],
  "warnings": [],
  "features": {
    "MAG": {
      "expectation": "any",
      "stats": {
        "mean": [
          4.654141464566648,
          3.814753341400614,
          3.638620042199538,
          3.5117342472878628,
          3.473049852110064,
          3.440130143675028,
          3.5429617096708363,
          3.46114663284862,
          3.474519163786678,
          3.4609335682346183,
          3.623831102855697,
          3.6687375265710735,
          4.152686326945148,
          4.070969858339971,
          4.270206736854569,
          4.8184137316432745,
          5.115062763359665,
          5.38433097849109,
          6.636830514162967,
          9.592426894632023
        ],
        "median": [
          1.0699996948242188,
          1.0059700012207031,
          1.0100021362304688,
          1.0218048095703125,
          1.0263195037841797,
          1.029998779296875,
          1.0400009155273438,
          1.0469036102294922,
          1.06951904296875,
          1.0699996948242188,
          1.089996337890625,
          1.1100006103515625,
          1.1200027465820312,
          1.1500015258789062,
          1.1800003051757812,
          1.239999771118164,
          1.279998779296875,
          1.348043441772461,
          1.4300003051757812,
          1.5466690063476562
        ],
        "std": [
          40.19798618696385,
          31.638517582291065,
          32.319769388676,
          30.535751494819632,
          27.97502129645755,
          28.7183765577928,
          29.6022059377666,
          26.37377534004836,
          27.84775014669477,
          30.653607498026364,
          32.04306423407368,
          30.29147328951542,
          35.770497018107775,
          36.19581265284457,
          35.00661986624147,
          39.768252969202564,
          43.12910301366237,
          48.05037521119452,
          51.194662165822834,
          70.49414879336521
        ],
        "q90": [
          4.100006103515625,
          3.720000076293945,
          3.7099990844726562,
          3.6399993896484375,
          3.7400054931640625,
          3.7400054931640625,
          3.7600021362304688,
          3.769989013671875,
          3.899993896484375,
          3.8600006103515625,
          3.8799896240234375,
          3.959991455078125,
          4.1399993896484375,
          4.120002746582031,
          4.399993896484375,
          4.5,
          4.650001525878906,
          4.870002746582031,
          5.3599700927734375,
          5.970001220703125
        ],
        "skewness": [
          22.12781629901882,
          22.817754784326116,
          29.590214254176747,
          25.616905720025134,
          24.346261742891638,
          26.899235025848505,
          23.488659351442486,
          22.720607594602857,
          23.872103261501074,
          29.04630909670052,
          31.7500961081549,
          22.498816155980503,
          23.652732975503966,
          25.766249576208978,
          22.61074273700954,
          20.848545522800528,
          20.190228974050704,
          23.526425807627177,
          16.72202456561033,
          13.574104987534202
        ],
        "kurtosis": [
          615.406069151407,
          671.9725448259157,
          1221.0445801246183,
          837.6094433202536,
          759.6960571899697,
          941.0532962408059,
          675.0541388045801,
          666.0171921021926,
          702.7573370301185,
          1112.5988051543322,
          1598.8834964262796,
          597.7618013300522,
          716.07806282643,
          840.6958669115272,
          626.8431490363215,
          551.7754407407168,
          486.74430452946547,
          722.592884042889,
          330.3707504566632,
          218.9005010463371
        ]
      },
      "monotonicity": {
        "score": 0.9473684210526315,
        "by_stat": {
          "mean": {
            "step_consistency": 0.5789473684210527,
            "spearman_rho": 0.6496240601503759
          },
          "median": {
            "step_consistency": 0.9473684210526315,
            "spearman_rho": 0.9394509878356333
          },
          "std": {
            "step_consistency": 0.6842105263157895,
            "spearman_rho": 0.6180451127819548
          },
          "q90": {
            "step_consistency": 0.7368421052631579,
            "spearman_rho": 0.8883039364562715
          },
          "skewness": {
            "step_consistency": 0.5263157894736842,
            "spearman_rho": -0.47218045112781953
          },
          "kurtosis": {
            "step_consistency": 0.5263157894736842,
            "spearman_rho": -0.4616541353383458
          }
        }
      }
    },
    "DIR": {
      "expectation": "any",
      "stats": {
        "mean": [
          -2.0361079961242488,
          -1.4685729231485765,
          -1.3089710412188904,
          -1.0649149718975561,
          -0.8665142995077678,
          -0.6009679227646262,
          -0.5938299996712754,
          -0.41626420802880437,
          -0.12028947871684617,
          -0.11432067351052148,
          -0.14107804921522663,
          0.23930617572912705,
          0.3932080338013871,
          0.7039611954193165,
          0.9384465969142987,
          1.0146702714343308,
          1.334879402340438,
          1.823791700785568,
          2.8298063019156503,
          4.718501272873501
        ],
        "median": [
          -0.3800010681152344,
          -0.31999969482421875,
          -0.28000640869140625,
          -0.23000335693359375,
          -0.18999862670898438,
          -0.14265680313110352,
          -0.09999942779541016,
          -0.06000041961669922,
          -0.0200042724609375,
          0.0,
          0.029998779296875,
          0.06500029563903809,
          0.1135101318359375,
          0.15999984741210938,
          0.21999740600585938,
          0.2800025939941406,
          0.3600006103515625,
          0.4267725944519043,
          0.5200042724609375,
          0.6299991607666016
        ],
        "std": [
          26.149465511210856,
          20.633704347870935,
          21.607970745392407,
          19.26045356011295,
          17.140706166551944,
          16.801388422536085,
          20.434458627111606,
          15.687689289815264,
          16.71505001407861,
          17.530704942636685,
          19.195901782403876,
          16.775601876092754,
          19.27944871519919,
          20.99062780433626,
          20.997543717071615,
          23.720063586754573,
          26.410646529283863,
          30.560398566138996,
          34.2813272533373,
          53.020571744423805
        ],
        "q90": [
          0.1100006103515625,
          0.1699981689453125,
          0.26000022888183594,
          0.3600006103515625,
          0.45999908447265625,
          0.55999755859375,
          0.6600017547607422,
          0.7699966430664062,
          0.8687896728515625,
          0.989990234375,
          1.0862182617187706,
          1.2099990844726562,
          1.3699951171875,
          1.4899978637695312,
          1.6899948120117188,
          1.8699989318847656,
          2.097399902343757,
          2.279998779296875,
          2.67999267578125,
          3.0699920654296875
        ],